<?xml version="1.0" encoding="UTF-8"?>
<project-private xmlns="http://www.netbeans.org/ns/project-private/1">
    <editor-bookmarks xmlns="http://www.netbeans.org/ns/editor-bookmarks/2" lastBookmarkId="0"/>
    <open-files xmlns="http://www.netbeans.org/ns/projectui-open-files/2">
        <group>
            <file>file:/F:/Netbeans%20Projects/TheLeagueBlackJack-master/src/newc/CodeWriter.java</file>
            <file>file:/F:/Netbeans%20Projects/TheLeagueBlackJack-master/src/theleagueblackjack/main.java</file>
            <file>file:/F:/Netbeans%20Projects/TheLeagueBlackJack-master/src/theleagueblackjack/Player.java</file>
            <file>file:/F:/Netbeans%20Projects/TheLeagueBlackJack-master/src/theleagueblackjack/Card.java</file>
            <file>file:/F:/Netbeans%20Projects/TheLeagueBlackJack-master/src/theleagueblackjack/gameDatabase.java</file>
            <file>file:/F:/Netbeans%20Projects/TheLeagueBlackJack-master/src/theleagueblackjack/Rank.java</file>
            <file>file:/F:/Netbeans%20Projects/TheLeagueBlackJack-master/src/newc/Main.java</file>
            <file>file:/F:/Netbeans%20Projects/TheLeagueBlackJack-master/src/newc/FXNode.java</file>
            <file>file:/F:/Netbeans%20Projects/TheLeagueBlackJack-master/src/newc/BlackJackDesign_1.fxml</file>
            <file>file:/F:/Netbeans%20Projects/TheLeagueBlackJack-master/src/theleagueblackjack/HandAction.java</file>
            <file>file:/F:/Netbeans%20Projects/TheLeagueBlackJack-master/src/theleagueblackjack/Suit.java</file>
        </group>
    </open-files>
</project-private>
